title,company,url,summarize_content,content,ai_summary
"LGU+, 알뜰폰 온라인몰 '알닷' 론칭…""가입·개통까지 원스톱""",디지털데일리,https://n.news.naver.com/mnews/article/138/0002172651,LG유플러스(대표 황현식)는 중소 알뜰폰 사업자 성장을 위한 동반 상생 전략의 일환으로 U+알뜰폰개통 편의성을 대폭 높인 공식 온라인몰 '알닷(알뜰폰닷컴)'을 선보였다고 6일 밝혔다. LG유플러스는 지난 2020년,"[ⓒ 알뜰폰닷컴 홈페이지 갈무리]


[디지털데일리 채성오기자] LG유플러스(대표 황현식)는 중소 알뜰폰 사업자 성장을 위한 동반 상생 전략의 일환으로 U+알뜰폰개통 편의성을 대폭 높인 공식 온라인몰 '알닷(알뜰폰닷컴)'을 선보였다고 6일 밝혔다.

LG유플러스는 지난 2020년 5월 U+ 알뜰폰 상품을 한 곳에서 비교할 수 있는 홈페이지 '알뜰폰 파트너스'를 4년만에 가입과 개통 기능까지 갖춘 공식 온라인몰 알닷으로새단장했다. 앞서 <디지털데일리>는 지난달 12일 LG유플러스의 알닷 론칭 소식을 최초로 보도한 바 있다.

현재 알닷 참여 사업자는 큰사람, 인스코비, 인스코리아, 코나아이, CK커뮤스트리 등 19곳이며 추후 확대될 예정이다.

알닷의 가장 큰 특징은 U+알뜰폰 요금제 비교부터 가입, 개통까지 전 여정을 단 2시간 내에 원스톱, 비대면으로 해결할 수있다는 점이다. 원하는 요금제를 홈페이지에서 바로 가입하는 것은 물론 공용 유심 '원칩'을 구매하고 2시간 내 수령해 셀프 개통할 수 있다.

LG유플러스 모델이 U+알뜰폰 개통 편의성을 대폭 높인 공식 온라인몰 알뜰폰닷컴(알닷)을 소개하고 있다. [ⓒ LG유플러스]


기존에는 요금제나 프로모션 정보를 확인한 후 원하는 요금제에 가입하려면 해당 사업자의 홈페이지에서 가입 절차를 별도 진행해야 했지만, 이제 알닷을 통해 상품이나 프로모션 정보를 확인한 후 즉시 가입이 가능해졌다.

요금제를 손쉽게 확인할 수 있는 것도 장점이다. 고객은 '나에게꼭 맞는 저렴한 요금제 찾기' 기능으로 자신의 통신 소비패턴 기반의 맞춤형 요금제를 추천받거나 '24개월 할인', '1만원 미만 요금제' 등 다양한 검색 필터를 설정해 요금제를 직접 검색할 수 있다.

LG유플러스는 알닷 론칭을 기념해 다양한 이벤트를 마련했다. 5월말까지 U+알뜰폰에 신규 개통하는 고객에게 맥도날드 맥머핀 교환권과 메가커피 커피 쿠폰을 제공한다. 또 알닷 홈페이지에 가입만 해도 추첨을 통해 다이슨 슈퍼소닉 뉴럴 헤어드라이어(1명)와 맘스터치 싸이버거 쿠폰(100명) 등 다양한 경품을 증정한다.

유호성 LG유플러스 MVNO사업담당은 ""중소 사업자와 실질적인 상생관계를 강화하는 동시에 U+알뜰폰 고객들의 개통 편의성을 높이기 위해 알닷 서비스를 선보이게 됐다""며 ""앞으로도 중소 사업자와 고객 모두에게 차별적인 고객가치를 제공해 고객 만족도 1위 알뜰폰 통신사로 자리매김할 것""이라고 말했다.

한편 LG유플러스는 2019년 중소 사업자 상생프로그램 U+알뜰폰 파트너스 1.0을 출범하며 프리미엄정액형 선불요금제, 셀프 개통 서비스를 선보이고 2021년에는 제휴카드 할인, 제휴처 할인쿠폰, 공용 유심 등 상생 협력을한층 강화한 U+알뜰폰 파트너스 2.0을 선보였다. 2022년에는 상생 이상의 고객가치를 제공한다는 의미를 담은 브랜드 +알파를 선보이며 장기고객 케어 프로그램, 구독형 제휴 요금제 등을 내놨다.","[디지털데일리 채성오기자] LG유플러스(대표 황현식)는 중소 알뜰폰 사업자 성장을 위한 동반 상생 전략의 일환으로 U+알뜰폰개통 편의성을 대폭 높인 공식 온라인몰 '알닷(알뜰폰닷컴)'을 선보였다고 6일 밝혔다
LG유플러스는 지난 2020년 5월 U+ 알뜰폰 상품을 한 곳에서 비교할 수 있는 홈페이지 '알뜰폰 파트너스'를 4년만에 가입과 개통 기능까지 갖춘 공식 온라인몰 알닷으로새단장했다
LG유플러스 모델이 U+알뜰폰 개통 편의성을 대폭 높인 공식 온라인몰 알뜰폰닷컴(알닷)을 소개하고 있다"
AI 스마트폰의 힘...갤럭시S24 앞세워 삼성전자 스마트폰 출하량 1위 되찾아,한국일보,https://n.news.naver.com/mnews/article/469/0000799719,삼성전자가 올해 1분기(1~3월) 전 세계 스마트폰 시장에서 출하량 기준 1위를 기록했다. 지난해 4분기(10~12월) 2위로 내려앉은 뒤 한 분기 만의 탈환이다. 생성형 인공지능(AI) 기능을 넣은 갤럭시S24 시,"카운트포인트리서치 스마트폰 실적 분석
""글로벌 스마트폰 총매출 1분기 사상 최대""
4월 29일 프랑스 파리 샹젤리제 125번가에서 열린 '삼성 올림픽 체험관' 개관식에서 관계자가 갤럭시 AI 기능을 시연해 보이고 있다. 뉴스1


삼성전자가 올해 1분기(1~3월) 전 세계 스마트폰 시장에서 출하량 기준 1위를 기록했다. 지난해 4분기(10~12월) 2위로 내려앉은 뒤 한 분기 만의 탈환이다. 생성형 인공지능(AI) 기능을 넣은 갤럭시S24 시리즈의 선방으로 평균판매가격(ASP)도 사상 최대인 336달러(약 45만6,000원)를 기록했다.

5일 시장조사업체 카운트포인트리서치의 2024년 1분기 글로벌 스마트폰 시장 조사에 따르면 삼성전자의 글로벌 스마트폰 시장 점유율은 출하량 기준 20%로 2위 애플(17%)을 3%포인트 차로 누르고 1위를 차지했다. 3위는 샤오미(14%), 4위는 오포(8%), 5위는 비보(7%)다. 카운트포인트리서치는 삼성전자가 1위를 되찾은 배경으로 ""갤럭시S24 시리즈의 강력한 성능""을 꼽으며 ""이번 분기에 역대 최고 ASP를 냈다""고 밝혔다. 애플의 스마트폰 출하량이 지난해 같은 기간과 비교해 13% 줄며 고전하는 사이 샤오미는 중국 등 거의 모든 주요 시장에서 실적을 늘려 지난해 같은 기간보다 출하량 기준 34%나 성장했다.

다만 아직 스마트폰 매출 점유율에서는 애플이 압도적 1위(41%)를 유지하고 있다. 프리미엄 스마트폰 시장의 43%를 차지하며 ASP가 900달러(약 122만3,000원)에 달한 덕분이다. 삼성전자의 매출 점유율은 18%, 대당 가격이 159달러(약 21만6,000원)인 샤오미와 257달러(34만9,000원)인 오포의 매출 점유율은 6%에 그쳤다.

연관기사
• 'AI폰' 갤럭시 끌고·반도체 밀고...삼성전자, 봄바람 제대로 탔다
(www.hankookilbo.com/News/Read/A2024040515020000743)


""올해 AI 폰 출하량, 전체 스마트폰의 11% 달할 것""
시장조사업체 카운트포인트리서치가 집계한 글로벌기업의 스마트폰 매출 점유율(맨 위), 평균 판매 단가(가운데), 출하량 점유율. 카운트포인트리서치 홈페이지 캡처


전 세계 스마트폰 시장의 1분기 출하량은 전년 동기 대비 6% 성장한 2억9,690만 대였다. 800달러(약 108만7,000원) 이상 프리미엄 스마트폰 시장이 지난해 같은 기간보다 두 자릿수 이상 성장한 덕분에 전 세계 스마트폰 매출액은 1분기 사상 최대치를 기록했다고 카운트포인트리서치는 밝혔다. 평균 ASP가 370달러(약 50만3,000원)인 점을 감안하면 1분기 스마트폰 총매출액은 약 1,098억5,000만 달러(약 150조 원)다.

카운트포인트리서치는 ""(스마트폰 시장은) 단기적으로 느리지만 꾸준히 성장할 것""이라며 ""폴더블, 생성형 AI 등 프리미엄 제품 출시가 지속될 가능성이 높기 때문에 매출은 더 빠르게 성장할 것""이라고 전망했다. 삼성전자를 비롯해 구글, 오포, 샤오미 등이 지금까지 출시한 생성형 AI 기능 지원 스마트폰은 30개 이상. 카운트포인트리서치는 ""올해 말까지 전체 스마트폰 출하량에서 생성형 AI 폰 점유율은 11%에 이를 것""이라고 밝혔다.","삼성전자가 올해 1분기(1~3월) 전 세계 스마트폰 시장에서 출하량 기준 1위를 기록했다
800달러(약 108만7,000원) 이상 프리미엄 스마트폰 시장이 지난해 같은 기간보다 두 자릿수 이상 성장한 덕분에 전 세계 스마트폰 매출액은 1분기 사상 최대치를 기록했다고 카운트포인트리서치는 밝혔다
카운트포인트리서치는 ""올해 말까지 전체 스마트폰 출하량에서 생성형 AI 폰 점유율은 11%에 이를 것""이라고 밝혔다"
메타버스 개발자 경진대회…총상금 1억9500만원,뉴스1,https://n.news.naver.com/mnews/article/421/0007522844,과학기술정보통신부는 한국전파진흥협회와 국내 메타버스 제작 저변 확대와 우수 인재 발굴·육성을 위해 '2024년 메타버스 개발자 경진대회'를 7일부터 개최한다. 올해로 4회째를 맞는 메타버스 개발자 경진대회는 메타버스,"과기부, 6월 7일까지 참가자 모집
2024년 메타버스 개발자 경진대회 포스터.(과기정통부 제공)


(서울=뉴스1) 서장원 기자 = 과학기술정보통신부는 한국전파진흥협회와 국내 메타버스 제작 저변 확대와 우수 인재 발굴·육성을 위해 '2024년 메타버스 개발자 경진대회'를 7일부터 개최한다.

올해로 4회째를 맞는 메타버스 개발자 경진대회는 메타버스에 관심 있는 성인과 학생 누구나 참가할 수 있다.

6월 7일까지 참가자 모집 후 8월 7일까지 출품작 신청을 받는다. 이후 예선과 본선 심사를 거쳐 9월 말 최종 수상작 33개(성인 24개·학생 9개)를 선정한다.

총상금 1억 9500만 원 규모로, 최종 선정된 33개 팀엔 상금과 과학기술정보통신부장관상(2점), 한국전파진흥협회장상(4점), 한국메타버스산업협회장상(4점), 후원기업대표상(23점)이 수여될 예정이다.

모든 참가팀에 예선 과정부터 개발 장비 대여와 교육 강좌를 제공하며, 본선 진출팀엔 1대1 멘토링을 통해 개발 결과물을 고도화하고 사업화 가능성을 높일 기회를 제공한다.

황규철 과기정통부 소프트웨어정책관은 ""이번 경진대회를 통해 창의적인 아이디어와 열정을 가진 개발자들이 자신의 역량을 마음껏 발휘하여 미래 메타버스 시대를 이끌어갈 주인공으로 성장하는 첫걸음이 되길 기대한다""고 말했다.","2024년 메타버스 개발자 경진대회 포스터
(서울=뉴스1) 서장원 기자 = 과학기술정보통신부는 한국전파진흥협회와 국내 메타버스 제작 저변 확대와 우수 인재 발굴·육성을 위해 '2024년 메타버스 개발자 경진대회'를 7일부터 개최한다
올해로 4회째를 맞는 메타버스 개발자 경진대회는 메타버스에 관심 있는 성인과 학생 누구나 참가할 수 있다"
역대 최고치 찍은 티빙...프로야구 유료화 '시험대',파이낸셜뉴스,https://n.news.naver.com/mnews/article/014/0005181126,한국프로야구 KBO 리그 중계와 tvN 드라마 ‘눈물의 여왕’ 효과로 지난달 이용자수 최고치를 기록한 CJ ENM의 온라인 동영상 서비스(OTT) 티빙이 이달부터 프로야구 중계를 유료로 전환하면서 최근의 상승세를 이,"4월 MAU 첫 700만 돌파 상승세
웨이브와 합병시 넷플릭스 위협
이달부터 야구중계 유료화 관건
한국프로야구 KBO 리그 중계와 tvN 드라마 ‘눈물의 여왕’ 효과로 지난달 이용자수 최고치를 기록한 CJ ENM의 온라인 동영상 서비스(OTT) 티빙이 이달부터 프로야구 중계를 유료로 전환하면서 최근의 상승세를 이어갈지 관심이다.

6일 애플리케이션 분석 서비스 모바일인덱스에 따르면 티빙의 지난 4월 월간 활성 이용자(MAU)는 706만2870명으로 첫 700만 고지를 찍었다. 선두 넷플릭스(1129만2168명)와의 격차는 아직 크지만 토종 OTT 중 쿠팡플레이(702만7635명)를 제치고 1위에 올랐다. MAU 뿐만 아니라 일간 활성 이용자(DAU)도 주말마다 연일 역대 최고 기록을 갈아치웠다.

지난달 31일 DAU 206만5453명을 시작으로 4월 7일 209만8140명, 14일 214만9677명, 21일 223만2573명, 28일 224만6142명을 기록했다. 주말은 tvN 드라마 ‘눈물의 여왕’이 방영되고 KBO 리그 중계를 보기 위한 야구 팬들의 유입이 몰리는 시기다. ‘눈물의 여왕’은 마지막 방송에서 역대 tvN 드라마 최고 시청률(24.85%)을 기록했다.

티빙 KBO 리그 독점 생중계. 티빙 제공

티빙은 지금 같은 상승세가 이어진다면 웨이브와 합병 시 업계 1위인 넷플릭스의 아성을 넘보는 것도 가능하다. 4월 DAU만 놓고 보면 티빙(188만5360명)과 웨이브(103만6490명)를 합친 이용자 수는 292만1850명으로 넷플릭스(250만4583명)보다 많다. MAU도 넷플릭스는 1129만2168명, 티빙(706만2870명)+웨이브(408만7339명)는 1115만209명으로 비슷한 수준이다.

티빙은 이달부터가 진정한 승부처다. 그동안 회원 가입만 돼 있으면 무료로 볼 수 있었던 KBO 리그 중계가 1일부터 유료로 전환됐기 때문이다.

스포츠 중계 유료 전환에 대한 스포츠 팬들의 불만은 여전하다. 한국언론진흥재단 미디어연구센터가 최근 발간한 '스포츠 스트리밍 유료화와 시민 시청권 관련 인식' 보고서에 따르면 스포츠 중계 시청자 77.9%가 스포츠 스트리밍 유료화에 부정적이라고 답했다. 하지만 유료화 중계 첫 날인 1일 티빙의 DAU는 194만8309명을 기록하며 이용자 락인 효과에 성공한 듯한 모습을 보여 향후 추이를 좀 더 지켜봐야 한다.

아울러 tvN 화제작 ‘눈물의 여왕’이 떠나간 빈자리를 메꿀 작품이 나타날지도 관건이다.","주말은 tvN 드라마 ‘눈물의 여왕’이 방영되고 KBO 리그 중계를 보기 위한 야구 팬들의 유입이 몰리는 시기다
4월 DAU만 놓고 보면 티빙(188만5360명)과 웨이브(103만6490명)를 합친 이용자 수는 292만1850명으로 넷플릭스(250만4583명)보다 많다
MAU도 넷플릭스는 1129만2168명, 티빙(706만2870명)+웨이브(408만7339명)는 1115만209명으로 비슷한 수준이다"
"""라인 매각"" 日압박 거센데… 한일관계 찬물될라 정부는 신중[글로벌리포트]",파이낸셜뉴스,https://n.news.naver.com/mnews/article/014/0005180948,"네이버가 일본의 국민 메신저 '라인'(LINE)의 경영권을 빼앗길 위기에 처했다. 일본 정부는 최근 개인정보 유출을 빌미로 사실상 ""네이버의 라인 지분을 일본 측에 넘기라""며 압박 수위를 계속 높이고 있다. 다만 일","라인야후 재팬 52만건 달하는 정보유출
대주주 네이버와 시스템 공유 원인 지적
日 총무성 ""자본관계 재검토 요청""
이례적 2차 행정지도로 개입나서
네이버·소프트뱅크 A홀딩스 반반 출자
주식 단1주라도 뺏기면 경영권 잃게 돼
최수연 대표 ""입장 아직, 매출변화 예상""
8일 라인야후도 사태 이후 첫 기자회견
업계선 정부 주도 매각 압박 우려 큰데
韓외교부 ""차별적 조치는 없어야 한다""
일본 공영 NHK가 관련 기사를 보도하고 있다. 뉴시스

뉴시스

【파이낸셜뉴스 도쿄=김경민 특파원】 네이버가 일본의 국민 메신저 '라인'(LINE)의 경영권을 빼앗길 위기에 처했다. 일본 정부는 최근 개인정보 유출을 빌미로 사실상 ""네이버의 라인 지분을 일본 측에 넘기라""며 압박 수위를 계속 높이고 있다. 다만 일본 정부의 행정지도는 법적구속력이 없는데다 라인 경영권 포기는 네이버의 해외사업에도 직접적인 영향을 미치기 때문에 실제 지분 매각까지는 이어지지 않을 것으로 전망되고 있다.

■""라인 먹겠다"" 속내 드러낸 日

5일 업계에 따르면 네이버와 일본 소프트뱅크가 합작한 '라인야후 재팬'의 정보 유출 문제가 심상치 않은 국면을 맞고 있다.

지난해 11월 말 라인야후는 자사 서버가 제3자의 공격을 받아 약 44만건의 라인 애플리케이션 사용자의 정보가 유출됐다고 발표했다. 이후 2월 24일에도 네이버를 통한 정보 유출 건수가 약 52만 건으로 확대됐다고 발표됐다.

일본 정부는 개인정보 유출의 이유 중 하나로 회사가 대주주인 네이버와 일부 시스템을 공유했기 때문이라고 보고 있다.

일본 총무성은 지난 3월 라인야후에 네이버에 시스템 운영 위탁에 대한 재검토를 요청하는 행정 지도를 내렸다.

이에 따라 4월 1일 라인야후는 2026년 12월까지 네이버 시스템과 분리를 완료한다는 내용의 재발 방지 대책을 담은 보고서를 제출했다.

그러나 총무성은 지난달 16일 '조치가 불충분하다'는 내용의 두 번째 행정 지도를 발표하고 시스템의 조기 분리를 재차 촉구했다.

총무성은 지난 3월과 4월에도 두 차례에 걸쳐 소프트뱅크에 '자본관계를 재검토하라'는 행정 지도를 내렸다. 사실상 일본 정부가 네이버에 라인야후 지분을 소프트뱅크로 넘기라고 간접적으로 요구한 것이다.

주요국의 정부가 민간 기업에 행정 지도로 지분 정리를 참견하는 것은 전례가 없는 일이다.

■시스템 분리는 OK, 지분 넘기기는 글쎄

라인야후의 최대주주는 네이버와 소프트뱅크가 50%씩 출자해 설립한 A홀딩스(지분율 64.5%)다. 소프트뱅크가 A홀딩스 주식을 1주라도 더 가져가면 네이버가 경영권을 잃게 되는 구조다.

현재 라인야후의 시가총액을 기준으로 단순하게 계산하면 소프트뱅크가 A홀딩스 주식의 10%를 매입하려면 2000억엔(약 1조7775억원) 정도의 적잖은 금액이 필요하다.

니혼게이자이신문(닛케이)은 ""네이버는 전략 회사로 자리매김한 라인야후에 대한 영향력 유지를 원할 것으로 보인다""며 ""총무성이 그리는 라인의 '탈 네이버'는 불투명한 상황""이라고 진단했다.

최수연 네이버 대표는 지난 3일 1·4분기 실적 콘퍼런스콜에서 ""자본 지배력을 줄이라고 요구하는 행정지도 자체가 굉장히 이례적이지만 이것을 따를지 말지 결정할 문제가 아니라고 본다""고 말했다. 최 대표는 이어 ""네이버가 그동안 기술적 파트너로 라인야후에 제공한 정보기술(IT) 인프라는 분리하는 방향성이 정해졌다""며 ""인프라 매출 정도의 변화가 있을 것""이라고 설명했다.

일본 현지에선 라인야후가 8일 예정된 2024년 회계연도 실적발표회에서 이데자와 다케시 사장이 사태 이후 첫 기자회견을 열 것으로 보인다.

업계에서는 이데자와 사장 역시 최 대표가 앞서 밝힌 것과 비슷한 수준으로, 시스템 분리 등에 관해서는 새로운 대책을 언급할 가능성이 있으나 지분 정리 등 자본 관계에 대해선 제한적인 설명에 그칠 것으로 관측했다.

■라인 본진서 터진 악재

네이버는 소프트뱅크와 물밑 협상을 계속하면서도 일본 정부가 나서 기업 경영권을 압박하는 것에 대해 큰 우려를 갖고 있는 것으로 알려졌다. 행정 지도 자체를 따라야 하는 의무는 없지만 일본 정부의 지침을 무시하고 일본에서 사업을 유지하거나 펼치기가 어렵기 때문이다.

닛케이는 ""내부 관계자에 따르면 네이버는 소프트뱅크에 지분을 넘기는 것에 난색을 표하고 있다""면서 ""총무성 주도에 의한 자본 관계의 재검토에 강한 염려를 가지고 있는 것 같다""고 전했다.

업계에서는 데이터 주권 보호 차원에서 보다 정부가 적극적인 자세를 취해줄 것으로 호소하고 있지만 아직 우리 정부의 입장은 원론적인 수준이다.

한국 외교부는 지난달 27일 일본 측의 조치에 대해 ""한국 기업에 대한 차별적 조치는 없어야 한다""고 밝혔다. 최근 회복된 한·일 관계의 무드 속에서 대통령실은 ""네이버의 입장을 확인한 후에 필요할 때는 일본 측과 의사소통하겠다""는 수준의 반응을 내놨다. 과학기술정보통신부도 최근 ""일본 국민의 개인정보 유출 사고에 따른 후속 행정지도는 한·일 외교관계와는 별개 사안""이라고 덧붙였다.

일본 정부는 '일본이 한국 기업을 삼키려고 하고 있다'는 논란이 불거지자 지분 매각 강요가 아니라고 반발했다.

일본 정부 측은 ""기업이 구체적으로 어떤 방법을 취해야 한다는 것은 행정 지도 내용에 담겨 있지 않다""면서 ""어떤 방법을 취할지는 근본적으로 민간이 생각해내야 할 부분이다. 7월 1일까지 라인야후가 보고하면 되는 사안이다""고 일축했다.","일본 총무성은 지난 3월 라인야후에 네이버에 시스템 운영 위탁에 대한 재검토를 요청하는 행정 지도를 내렸다
사실상 일본 정부가 네이버에 라인야후 지분을 소프트뱅크로 넘기라고 간접적으로 요구한 것이다
라인야후의 최대주주는 네이버와 소프트뱅크가 50%씩 출자해 설립한 A홀딩스(지분율 64.5%)다"
"""MZ세대가 꼽은 국내 AI 대표기업, 삼성전자·SKT·네이버""",연합뉴스,https://n.news.naver.com/mnews/article/001/0014670679,"잡플래닛, MZ세대 947명 대상 설문 MZ세대(1980년대∼2000년대 출생)는 국내 대표 인공지능(AI) 기업으로 삼성전자, SK텔레콤, 네이버를 꼽는 것으로 나타났다. 기업정보 플랫폼 잡플래닛은 MZ세대 947","잡플래닛, MZ세대 947명 대상 설문


MZ세대가 꼽은 국내 대표 인공지능 기업 순위
[브레인커머스 제공. 재판매 및 DB 금지]


(서울=연합뉴스) 조승한 기자 = MZ세대(1980년대∼2000년대 출생)는 국내 대표 인공지능(AI) 기업으로 삼성전자, SK텔레콤, 네이버를 꼽는 것으로 나타났다.

기업정보 플랫폼 잡플래닛은 MZ세대 947명을 대상으로 국내 대표 AI 기업을 물어본 결과 이같이 집계됐다고 6일 밝혔다.

이에 따르면 삼성전자와 SKT, 네이버가 3위 내에 들었으며 카카오, 현대차, LG전자, 두산로보틱스, KT, 포스코, 한화시스템 등이 뒤를 이었다.

AI에 관심이 있냐는 질문에는 응답자 중 70.7%가 관심이 많은 편이라 답했으며, 관심 없다는 비율은 0.4%에 불과해 AI에 대한 높은 관심도 확인했다고 잡플래닛은 설명했다.

잡플래닛 김지예 이사는 ""모든 기업이 AI 기술에 사활을 걸고 있다 보니 10위까지 모두 대기업이 꼽힌 것으로 보인다""며 ""특히 톱3은 폭발적인 기술 성장과 확장을 보이면서 세계 시장 경쟁력을 키워가는 중으로 AI의 두 번째 라운드가 시작된 지금 우리가 주목해야 할 기업들""이라고 분석했다.

shjo@yna.co.kr","MZ세대가 꼽은 국내 대표 인공지능 기업 순위
(서울=연합뉴스) 조승한 기자 = MZ세대(1980년대∼2000년대 출생)는 국내 대표 인공지능(AI) 기업으로 삼성전자, SK텔레콤, 네이버를 꼽는 것으로 나타났다
기업정보 플랫폼 잡플래닛은 MZ세대 947명을 대상으로 국내 대표 AI 기업을 물어본 결과 이같이 집계됐다고 6일 밝혔다"
손보사 새 먹거리된 우주보험… 日선 속속 상품 출시,파이낸셜뉴스,https://n.news.naver.com/mnews/article/014/0005181195,우주보험이 손해보험사들의 새로운 시장으로 각광받고 있다. 주요국가를 중심으로 우주개발 경쟁이 치열해지면서 일본의 경우 이미 우주보험 상품을 선보이고 있는 만큼 우리 보험업계에도 시사하는 바가 크다는 지적이다. 6일,"우주보험이 손해보험사들의 새로운 시장으로 각광받고 있다. 주요국가를 중심으로 우주개발 경쟁이 치열해지면서 일본의 경우 이미 우주보험 상품을 선보이고 있는 만큼 우리 보험업계에도 시사하는 바가 크다는 지적이다.

6일 보험연구원에 따르면 일본의 경우 지난해 일본 정부가 우주산업 시장 규모를 확대한다는 방침을 발표함에 따라 일본 대형 손해보험회사들이 속속 우주산업에 진출하고 있다.

도쿄해상과 미쓰이스미토모해상의 경우 이미 2022년부터 일본 최대 규모 우주산업 컨퍼런스의 후원사로 참여하고 있다.

도쿄해상은 2022년 다양화?복잡화되는 우주산업 리스크에 대응하는 보험상품 개발 및 리스크 컨설팅 지원을 목표로 하는 '우주 프로젝트'를 발표했다. 미쓰이스미토모해상은 우주항공연구개발기구(JAXA)와 협력해 2022년부터 '우주관광 보험사업'을 실시할 것을 발표했다.

강윤지 보험연구원 연구원은 ""보험산업은 수익원 확대를 위해 위성 데이터 중심의 솔루션 서비스를 개발할 필요가 있다""고 말했다.","6일 보험연구원에 따르면 일본의 경우 지난해 일본 정부가 우주산업 시장 규모를 확대한다는 방침을 발표함에 따라 일본 대형 손해보험회사들이 속속 우주산업에 진출하고 있다
도쿄해상과 미쓰이스미토모해상의 경우 이미 2022년부터 일본 최대 규모 우주산업 컨퍼런스의 후원사로 참여하고 있다
미쓰이스미토모해상은 우주항공연구개발기구(JAXA)와 협력해 2022년부터 '우주관광 보험사업'을 실시할 것을 발표했다"
"챗GPT 등장에 구글 검색시장 점유율, 전년대비 2%p 하락",조선비즈,https://n.news.naver.com/mnews/article/366/0000990709,"생성형 인공지능(AI) 등장으로 검색 시장에서 경쟁이 가열되는 가운데 세계 최대 검색 엔진 업체 구글의 점유율이 소폭 내린 반면, 마이크로소프트(MS)는 오른 것으로 나타났다. 5일(현지 시각) 전 세계 웹 트래픽","생성형 인공지능(AI) 등장으로 검색 시장에서 경쟁이 가열되는 가운데 세계 최대 검색 엔진 업체 구글의 점유율이 소폭 내린 반면, 마이크로소프트(MS)는 오른 것으로 나타났다.

5일(현지 시각) 전 세계 웹 트래픽 분석 사이트 스탯카운터(StatCounter)에 따르면 지난 4월 기준 구글의 전 세계 검색 시장 점유율은 90.91%로 집계됐다. 이는 1년 전(92.82%)보다는 약 2%포인트(1.91%포인트) 하락한 것으로, 한 달 전인 지난 3월(91.38%)보다도 0.47%포인트 낮아진 수치다. 최근 12개월간 점유율이 가장 높았던 지난해 5월(93.11%)과 비교하면 2.20%포인트 떨어졌다.

오픈AI 로고. /연합뉴스

구글이 여전히 검색 시장에서 90% 이상의 점유율을 차지하고 있지만, 그 지배력은 소폭 감소한 셈이다. 반면, MS의 검색 엔진 빙의 지난 4월 점유율은 3.64%를 나타내며 1년 전(2.76%)보다 1% 가까이 올라갔다. 야후 검색 점유율은 1.13%로 작년 4월(1.11%)과 큰 변동은 없었다.

미국 검색 시장에서는 점유율 변화가 좀 더 뚜렷하게 나타났다. 구글의 올 4월 점유율은 86.58%로 1년 전(88.88%)보다 2.3%포인트 떨어졌다. 구글의 하락분은 대부분 MS 빙이 흡수했다. MS의 점유율은 같은 기간 6.43%에서 8.24%로 2%포인트 올라가며 10%에 한 발짝 다가섰다. 야후는 2.33%에서 2.59%로 소폭 올랐다.

MS는 오픈AI의 챗GPT 등장 이후 발빠르게 이를 검색 엔진에 접목하면서 구글이 지배하고 있는 검색 시장에 도전장을 내고 있다. 또 미 법무부가 구글을 상대로 제기한 ‘검색 반독점 소송’에서도 구글이 불법적으로 시장을 지배하고 있다는 정부측 주장을 옹호하며 시장 재편을 노리고 있다.

MS 사티아 나델라 최고경영자(CEO)는 지난해 10월 열린 재판의 증인으로 출석해 검색 시장에서 구글의 불법적 독점적 지위를 허용한다면 AI 시장에서 구글의 지배력도 강화할 수 있다고 우려하기도 했다.","생성형 인공지능(AI) 등장으로 검색 시장에서 경쟁이 가열되는 가운데 세계 최대 검색 엔진 업체 구글의 점유율이 소폭 내린 반면, 마이크로소프트(MS)는 오른 것으로 나타났다
구글이 여전히 검색 시장에서 90% 이상의 점유율을 차지하고 있지만, 그 지배력은 소폭 감소한 셈이다
MS는 오픈AI의 챗GPT 등장 이후 발빠르게 이를 검색 엔진에 접목하면서 구글이 지배하고 있는 검색 시장에 도전장을 내고 있다"
